FUNCTION_ID,FUNCTION_NAME,FUNCTION_TYPE,PATHWAY_TYPE,REACTOME,PUBCHEM_PATHWAY_ID,PATHBANK,PANTHER,BIOCYC,WIKIPATHWAYS,SMPDB,PATHWAY_INTERACTION_DATABASE,PLANT_REACTOME,PLANTCYC,PATHWAY_COMMON,PANTHER_PATHWAY,CHEMFONT,PHARMGKB,LIPID_MAPS,BIOCARTA,NETPATH
16,2-methyl-3-hydroxybutyryl-coa dehydrogenase deficiency,biological_process,biological_process,,1184579,SMP0000137,,,,SMP0000137,,,,,,,,,,
47,aba biosynthesis,biological_process,biological_process,,38737,,,,WP2626,,,,,,,,,,,
48,abc transporters,biological_process,biological_process,,,,,,,,,,,,,PTW_0110256,,,,
61,absorption,biological_process,biological_process,,,,,,,,,,,,,PTW_0111228,,,,
63,accumulation,molecular_function,Unknown,,,,,,,,,,,,,,,,,
83,acidic ph,biological_process,biological_process,,40669,,,,,,acidic pH,,,Pathway_6551c974265365a6b9722cb4defa546e,,,,,,
96,actin stress fibers,biological_process,biological_process,,,,,,,,,,,Pathway_35575ceca31608fd7da234a93756b5f7,,,,,,
102,activation,biological_process,Unknown,,,,,,,,,,,,,,,,,
104,activation of downstream effectors,biological_process,biological_process,R-DME-450736,8619,,,,,,,,,,,,,,,
107,activation of nicotinic acetylcholine receptors,biological_process,biological_process,R-GGA-629602,11684| 14389| 16203| 2018| 20296| 21017| 22161| 2555| 4504| 5724| 8142| 9017,,,,,,,,,,,,,,,
109,activation of pkb,biological_process,biological_process,R-GGA-165158| R-HSA-165158,11357| 13960| 15153| 15435| 16615| 17683| 18785| 19689| 20604| 2178| 23078| 2948| 4179| 489| 5297| 7263| 7929| 9864,,,,,,,,,,,,,,,
112,activation of rac1,biological_process,biological_process,R-HSA-428540,10719,,,,,,,,,,,,,,,
115,activator,molecular_function,Unknown,,,,,,,,,,,,,,,,,
118,activity,molecular_function,Unknown,,,,,,,,,,,,,,,,,
129,adduct,molecular_function,Unknown,,,,,,,,,,,,,,,,,
146,adhesion,biological_process,biological_process,,,,,,,,,,,Pathway_87ff5830f91104830db8782ce44fb1ad,,,,,,
157,adp-ribosylation factor,biological_process,biological_process,,,,,,,,,,,,,,,,arappathway,
165,adrenoceptors,biological_process,biological_process,R-GGA-390696| R-HSA-390696,11429| 14027| 16682| 19755| 20671| 2244| 23144| 2993| 4248| 5366| 7969| 9929,,,,,,,,,,,,,,,
172,aerobic glycolysis,biological_process,biological_process,,1295551,,,,WP4629,,,,,,,,,,,
173,affinity,molecular_function,Unknown,,,,,,,,,,,,,,,,,
178,agonism,molecular_function,Unknown,,,,,,,,,,,,,,,,,
179,agonist,molecular_function,Unknown,,,,,,,,,,,,,,,,,
180,agonistic activity,molecular_function,Unknown,,,,,,,,,,,,,,,,,
184,akt(pkb)-mtor signaling,biological_process,biological_process,,,,,,,,,,,Pathway_92e88fceb567112b27bb9275060ec1c5,,,,,,
192,alcohol sulfotransferase activity,molecular_function,Unknown,,,,,,,,,,,,,,,,,
209,alkalinization,biological_process,biological_process,,,,,,,,,,,,,PTW_0111182,,,,
214,alkylation,molecular_function,Unknown,,,,,,,,,,,,,,,,,
219,allograft rejection,biological_process,biological_process,,39706,,,,WP2328,,,,,,,,,,,
220,allosteric agonism,molecular_function,Unknown,,,,,,,,,,,,,,,,,
221,allosteric antagonist,molecular_function,Unknown,,,,,,,,,,,,,,,,,
222,allosteric inhibition,molecular_function,Unknown,,,,,,,,,,,,,,,,,
223,allosteric modulation,molecular_function,Unknown,,,,,,,,,,,,,,,,,
224,allosteric modulator,molecular_function,Unknown,,,,,,,,,,,,,,,,,
256,amino acids,biological_process,biological_process,,40719,,,,,,Amino Acids,,,Pathway_4e1c1888bb4e0a41f6833510ad2ae1df,,,,,,
259,aminoglycosides,biological_process,biological_process,,,,,,,,,,,,,PTW_0202923,,,,
269,ampk signaling,biological_process,biological_process,,39457,,,,WP3154,,,,,,,,,,,
280,amyotrophic lateral sclerosis,biological_process,biological_process,,,,,,WP2447,,,,,,,,,,,
281,amyotrophic lateral sclerosis (als),biological_process,biological_process,,39538| 39728,,,,WP2447,,,,,,,,,,,
286,analgesic,biological_process,biological_process,,,,,,,,,,,Pathway_6f2253ae80db5a605ae3ea0d3485ff3f,,,,,,
287,anandamide degradation,biological_process,biological_process,,1362017| 23609| 24305| 31940| 32155| 32929| 33224| 34596,,P05728,PWY6666-1,,,,,,Pathway_e2214ad32360e8522036a640c0107500,,,,,,
317,antagonism,molecular_function,Unknown,,,,,,,,,,,,,,,,,
318,antagonist,molecular_function,Unknown,,,,,,,,,,,,,,,,,
322,anti inflamation,biological_process,Unknown,,,,,,,,,,,,,,,,,
326,anti-hiv activity,biological_process,Unknown,,,,,,,,,,,,,,,,,
331,anticonvulsants,biological_process,biological_process,,,,,,,,,,,,,PTW_0202916,,,,
332,antidiabetics,biological_process,biological_process,,,,,,,,,,,,,PTW_0202911,,,,
333,antidiuretic effects,biological_process,biological_process,,,,,,,,,,,Pathway_02a040de69f909c0901a1cde447938aa,,,,,,
335,antifungal agents,biological_process,biological_process,,,,,,,,,,,,,PTW_0202922,,,,
340,antimicrobial,biological_process,Unknown,,,,,,,,,,,,,,,,,
342,antimicrobial peptides,biological_process,biological_process,R-DME-6803157| R-HSA-6803157,10517| 12708| 13054| 1350| 15001| 15660| 17228| 17644| 18280| 20118| 21189| 22696| 2700| 312| 3803| 6669| 7555| 7736,,,,,,,,,,,,,,,
349,antipsychotics,biological_process,biological_process,,,,,,,,,,,,,PTW_0202924,,,,
351,antisense,molecular_function,Unknown,,,,,,,,,,,,,,,,,
352,antisense oligonucleotide,molecular_function,Unknown,,,,,,,,,,,,,,,,,
355,antitumor activity,biological_process,Unknown,,,,,,,,,,,,,,,,,
357,antiviral activity,biological_process,Unknown,,,,,,,,,,,,,,,,,
358,antiviral agents,biological_process,biological_process,,,,,,,,,,,,,PTW_0202928,,,,
360,anxiolytics,biological_process,biological_process,,,,,,,,,,,,,PTW_0202920,,,,
368,appetite,biological_process,biological_process,,,,,,,,,,,,,PTW_0111230,,,,
386,aryl hydrocarbon receptor,biological_process,biological_process,,39524,,,,WP3226,,,,,,,,,,,
388,aryl hydrocarbon receptor pathway,biological_process,biological_process,,39506| 39746| 39783,,,,WP2873,,,,,,,,,,,
395,asthmatic response,biological_process,biological_process,,,,,,,,,,,Pathway_6f2dccc9f2d1d9d0e556da3bdf0ae699,,,,,,
399,atherosclerosis,biological_process,biological_process,,40930,,,,,,Atherosclerosis,,,Pathway_ec7123322d77d2b1e1e871e92fc43721,,,,,,
413,atr signaling,biological_process,biological_process,,39888,,,,WP3875,,,,,,,,,,,
415,atrophy,biological_process,biological_process,,,,,,,,,,,,,PTW_0111220,,,,
416,attachment and entry,biological_process,biological_process,R-HSA-9694614| R-HSA-9678110,1360868| 1361111,,,,,,,,,,,,,,,
435,axon,biological_process,biological_process,,40800,,,,,,Axon,,,Pathway_1d4779e2a1a996037153815ecc1156c3,,,,,,
444,b-lymphocyte,biological_process,biological_process,,40687,,,,,,B-Lymphocyte,,,Pathway_1657702f4b0942c49740c8f5ca6cdba8,,,,,,
457,bcr,biological_process,biological_process,,,,,,,,,,,Pathway_aab6deab7b50690290f6cf50007ac9bd,,,,,,
460,bdnf,biological_process,biological_process,,,,,,,,,,,,,,,,,Pathway_BDNF
470,beta-cells,biological_process,biological_process,R-MMU-186601,13727,,,,,,,,,,,,,,,
490,biochemical process,biological_process,biological_process,,,,,,,,,,,,,PTW_0181091,,,,
500,biological oxidations,biological_process,biological_process,R-GGA-211859| R-HSA-211859,11118| 13418| 14846| 15374| 16021| 1693| 17972| 18729| 19117| 21779| 22468| 226| 3342| 5071| 6304| 7114| 8912| 9331,,,,,,,,,,,,,,,
507,biosynthesis of prostaglandins,biological_process,biological_process,,32036,,,PWY3DJ-35583,,,,,,,,,,,,
517,bladder cancer,biological_process,biological_process,,39434| 39768,,,,WP2828,,,,,,,,,,,
521,blocker,molecular_function,Unknown,,,,,,,,,,,,,,,,,
525,blood clotting cascade,biological_process,biological_process,,38650| 39170| 39215| 39261| 39305| 39546| 39758,,,,WP272,,,,,,,,,,,
542,bradycardia,biological_process,biological_process,,1361835,,,,,,,,,,,,PA443548,,,
559,breaker,molecular_function,Unknown,,,,,,,,,,,,,,,,,
562,breathing,biological_process,biological_process,,,,,,,,,,,,,PTW_0111231,,,,
570,budding,biological_process,biological_process,R-HSA-168302,12387,,,,,,,,,,,,,,,
572,butyrophenones,biological_process,biological_process,,,,,,,,,,,,,PTW_0202926,,,,
578,c-type lectin receptors,biological_process,biological_process,R-HSA-5621481,,,,,,,,,,,,,,,,
596,calcium channel inhibition,biological_process,biological_process,,,,,,,,,,,,,PTW_0111117,,,,
600,calcium influx,biological_process,Unknown,,,,,,,,,,,,,,,,,
616,camp generation,biological_process,Unknown,,,,,,,,,,,,,,,,,
622,cancer cell growth,biological_process,biological_process,,,,,,,,,,,,,PTW_0111206,,,,
629,canonical nf-kappab pathway,biological_process,biological_process,,40884,,,,,,nfkappabcanonicalpathway,,,Pathway_66129844716ffd7bb3a3115003425092,,,,,,
631,canonical nf-kb pathway,biological_process,biological_process,,1295541,,,,WP4562,,,,,,,,,,,
632,canonical wnt signaling,biological_process,biological_process,,40206,,,,WP566,,,,,,,,,,,
635,cap-dependent translation,biological_process,biological_process,,,,,,,,,,,Pathway_71ce393a4bb454b16dfe6a069899c15c,,,,,,
636,cap-dependent translation initiation,biological_process,biological_process,R-BTA-72737| R-HSA-72737,10241| 11864| 14213| 15070| 15542| 16263| 18098| 18445| 20355| 20854| 23429| 2780| 3969| 404| 56553| 6460| 6811| 7778| 809,,,,,,,R-OSA-1112967,,,,,,,,
651,carcinogenesis,biological_process,biological_process,,,,,,,,,,,,,PTW_0111221,,,,
658,cardiomyocyte,biological_process,biological_process,,40529,,,,,,Cardiomyocyte,,,Pathway_eddad6634a8bfcf1bc0315a8798ef345,,,,,,
696,cd28 co-stimulation,biological_process,biological_process,R-DME-389356| R-HSA-389356,10415| 1238| 12591| 12942| 14956| 15637| 17121| 17586| 18236| 20010| 21099| 22591| 2635| 267| 3696| 6568| 7503| 7656,,,,,,,,,,,,,,,
704,cell adhesion molecules,biological_process,biological_process,,,,,,,,,,,,,PTW_0111113,,,,
707,cell attachment,biological_process,Unknown,,,,,,,,,,,,,,,,,
713,cell cycle arrest,biological_process,biological_process,,40465,,,,,,cell cycle arrest,,,Pathway_b26a024a198ff55dff9b41a1b874a1a0,,,,,,
715,cell cycle checkpoints,biological_process,biological_process,R-GGA-69620| R-HSA-69620,1027| 11738| 12815| 14547| 15479| 16062| 18027| 18334| 19277| 21237| 22880| 2424| 4558| 5805| 703| 7180| 8229| 9634,,,,,,,,,,,,,,,
719,cell cycle progression,biological_process,biological_process,,,,,,,,,,,Pathway_35bdcc802a4fd94ed3d8e0020f5e048d,,,,,,
734,cell growth and proliferation,biological_process,biological_process,,,,,,,,,,,Pathway_a11f6681d2d67fe5ea841a7359994a3a,,,,,,
739,cell maintenance,biological_process,biological_process,,,,,,,,,,,,,PTW_0111170,,,,
744,cell mitosis,biological_process,biological_process,,,,,,,,,,,Pathway_baddaf9aff044306337cad46c5806932,,,,,,
751,cell ploriferation,biological_process,Unknown,,,,,,,,,,,,,,,,,
753,cell proliferation,biological_process,biological_process,,40468,,,,,,cell proliferation,,,Pathway_0e12a037df7f8f0f006e32ec4debd90e,,,,,,
756,cell recruitment,biological_process,biological_process,R-HSA-9664424,,,,,,,,,,,,,,,,
759,cell signaling,biological_process,biological_process,,,,,,,,,,,,,PTW_0111173,,,,
769,cellular activity,biological_process,Unknown,,,,,,,,,,,,,,,,,
771,cellular defense,biological_process,biological_process,,,,,,,,,,,Pathway_a9a3930f40daadeb6708bb18bc44672c,,,,,,
781,cellular processes,biological_process,biological_process,,56549,,,,,,,R-OSA-2894886,,,,,,,,
785,cellular responses to stress,biological_process,biological_process,R-DME-2262752| R-HSA-2262752,10342| 11629| 13704| 14517| 15531| 16505| 17500| 18765| 18846| 1914| 21070| 22504| 2900| 3557| 5779| 6889| 779| 8211,,,,,,,,,,,,,,,
789,cellular toxicity,biological_process,Unknown,,,,,,,,,,,,,,,,,
808,chagas disease,biological_process,biological_process,,,,,,,,,,,,,PTW_0181525,,,,
810,chaperone ,biological_process,Unknown,,,,,,,,,,,,,,,,,
815,chelating agent,molecular_function,Unknown,,,,,,,,,,,,,,,,,
816,chelation,biological_process,biological_process,,,,,,,,,,,,,PTW_0181317,,,,
817,chelator,molecular_function,Unknown,,,,,,,,,,,,,,,,,
848,chloroplast electron transport chain,biological_process,biological_process,,38881,,,,WP2861,,,,,,,,,,,
850,cholestasis,biological_process,biological_process,,1362404,,,,WP5238,,,,,,,,,,,
855,cholesterol biosynthesis pathway,biological_process,biological_process,,39664,,,,WP197,,,,,,,,,,,
905,circadian clock,biological_process,biological_process,R-HSA-400253,11978,,,,,,,,,,,,,,,
917,cleavage,molecular_function,Unknown,,,,,,,,,,,,,,,,,
922,co-agonist,molecular_function,Unknown,,,,,,,,,,,,,,,,,
929,cofactor,molecular_function,Unknown,,,,,,,,,,,,,,,,,
940,combustion,biological_process,biological_process,,,,,,,,,,,,,PTW_0181199,,,,
942,competitive binding,molecular_function,Unknown,,,,,,,,,,,,,,,,,
948,complement system,biological_process,biological_process,,39762,,,,WP2806,,,,,,,,,,,
971,corticotropin-releasing hormone,biological_process,biological_process,,39559,,,,WP3265,,,,,,,,,,,
978,cox reactions,biological_process,biological_process,R-GGA-140180| R-HSA-140180,11131| 13431| 16034| 1706| 19130| 21791| 22481| 5084| 6317| 9344,,,,,,,,,,,,,,,
982,creb phosphorylation,biological_process,biological_process,R-GGA-199920| R-HSA-199920,11334| 1276| 12981| 16600| 19674| 20589| 22629| 2662| 3734| 5282| 7687| 9849,,,,,,,,,,,,,,,
985,cross-linking,molecular_function,Unknown,,,,,,,,,,,,,,,,,
986,cross-linking agent,molecular_function,Unknown,,,,,,,,,,,,,,,,,
988,cross-talk,biological_process,biological_process,,,,,,,,,,,,,PTW_0111175,,,,
1005,cyclooxygenase inhibitors,biological_process,biological_process,,,,,,,,,,,,,PTW_0202914,,,,
1015,cystinuria,biological_process,biological_process,,1185191| 1250043| 1250262,SMP0120874,,,,SMP0000723,,,,,,,,,,
1024,cytokine secretion,biological_process,biological_process,,40819,,,,,,cytokine secretion,,,Pathway_b4cdb5819722615cfce78893004f66b6,,,,,,
1032,cytoskeletal dynamics,biological_process,biological_process,,,,,,,,,,,Pathway_28e980d98f2a10f2856b2c23bce81a3c,,,,,,
1035,cytoskeletal reorganization,biological_process,biological_process,,,,,,,,,,,Pathway_17967a97a4bf4b52d8fad8abf6b2158d,,,,,,
1038,cytostasis,biological_process,biological_process,,,,,,,,,,,,,PTW_0111160,,,,
1050,dauer formation,biological_process,biological_process,,39014,,,,WP580,,,,,,,,,,,
1054,de novo purine biosynthesis,biological_process,biological_process,,1361994,,P02738,,,,,,,,P02738,,,,,
1055,de novo purine nucleotide biosynthesis,biological_process,biological_process,,,,,,,,,,,,,PTW_0001822,,,,
1057,deacetylation,biological_process,biological_process,,,,,,,,,,,,,PTW_0111183,,,,
1059,death receptor signaling,biological_process,biological_process,R-DME-73887,10075| 11596| 1360932| 14183| 16842| 17773| 19916| 23293| 2399| 3112| 4402| 5522| 7356| 8102,,,,,,,,,,,,,,,
1068,defensins,biological_process,biological_process,R-CFA-1461973| R-HSA-1461973,1181560| 12709| 13055| 1351| 17229| 20119| 3804,,,,,,,,,,,,,,,
1070,degradation,biological_process,biological_process,,40415,,,,,,degradation,,,Pathway_a4ee5863344e30d9da6fd0a7e6c620c0,,,,,,
1071,degradation of beta catenin,biological_process,biological_process,,40218,,,,,,betacatenin_deg_pathway,,,Pathway_764084272c2336f67434f9e7a80b6c55,,,,,,
1072,degrader,molecular_function,Unknown,,,,,,,,,,,,,,,,,
1083,dendritic cell,biological_process,biological_process,,40427,,,,,,Dendritic Cell,,,Pathway_8bdf50f327c6e10d1093d9f6a3e30622,,,,,,
1090,depolarization,biological_process,biological_process,,,,,,,,,,,Pathway_b1ff43b5d64c6bccf73ad70091651007,,,,,,
1099,development,biological_process,biological_process,,,,,,,,,,,Pathway_3888b7aa7d4ce403c854df5dc5cc8315,,,,,,
1106,diarrhea,biological_process,biological_process,,1340151,,,,,,,,,Pathway_5d521b528c93c4d9a074041cef00ed87,,,PA443899,,,
1112,diffusion,biological_process,biological_process,,,,,,,,,,,,,PTW_0181192,,,,
1134,displacement,molecular_function,Unknown,,,,,,,,,,,,,,,,,
1135,disrupter,molecular_function,Unknown,,,,,,,,,,,,,,,,,
1136,disrupting agent,molecular_function,Unknown,,,,,,,,,,,,,,,,,
1180,dna replication initiation,biological_process,biological_process,R-GGA-68952| R-HSA-68952,1063| 11779| 12851| 14536| 15490| 16098| 18051| 18316| 19313| 21267| 22915| 2448| 4594| 5838| 593| 6771| 7575| 9666,,,,,,,,,,,,,,,
1212,dopamine receptors,biological_process,biological_process,R-GGA-390651| R-HSA-390651,11430| 14028| 16683| 19756| 20672| 2245| 23145| 2994| 4249| 5367| 7970| 9930,,,,,,,,,,,,,,,
1223,dravet syndrome,biological_process,biological_process,,1362149,,,,WP5200,,,,,,,,,,,
1237,drug metabolism,biological_process,biological_process,,,,,,,,,,,,,PTW_0111123,,,,
1241,drug transport,biological_process,biological_process,,,,,,,,,,,,,PTW_0111125,,,,
1260,effects of nitric oxide,biological_process,biological_process,,39483| 39671,,,,WP1995,,,,,,,,,,,
1264,egfr downregulation,biological_process,biological_process,R-GGA-182971| R-HSA-182971,11267| 13885| 16537| 19611| 20529| 2103| 23003| 2920| 4105| 5220| 7875| 9787,,,,,,,,,,,,,,,
1274,egfr1,biological_process,biological_process,,,,,,,,,,,Pathway_0950873533ab8ae151618239a8e01a70,,,,,,
1278,eicosanoid synthesis,biological_process,biological_process,,38659| 39118| 39205| 39293| 39584| 39652| 40129,,,,WP1318| WP167,,,,,,,,,,,
1279,eicosanoids,biological_process,biological_process,R-GGA-211979| R-HSA-211979,11127| 13427| 14852| 16030| 1702| 19126| 21788| 22477| 232| 3347| 5080| 6313| 7119| 8919| 9340,,,,,,,,,,,,,,,
1290,elongation factor,biological_process,biological_process,,,,,,,,,,,,,PTW_0000818,,,,
1317,endothelial differentiation,biological_process,biological_process,,,,,,,,,,,Pathway_8ecca05be71c425a3c6ebf2ed4bc397c,,,,,,
1322,endothelins,biological_process,biological_process,,40544,,,,,,endothelinpathway,,,Pathway_875a0947d2120f29586c1fffe9081242,,,,,,
1330,enhancer,molecular_function,Unknown,,,,,,,,,,,,,,,,,
1331,enos activation,biological_process,biological_process,R-GGA-203615| R-HSA-203615,11024| 1181334| 1181753| 1182465| 13328| 15932| 1603| 17898| 19029| 21692| 22378| 4983| 6217| 7039| 8827| 9244,,,,,,,,,,,,,,,
1335,enterocyte,biological_process,biological_process,,40238,,,,,,Enterocyte,,,Pathway_b6d98658e135267f991fb5b0977a65a0,,,,,,
1338,enzymatic activity,molecular_function,Unknown,,,,,,,,,,,,,,,,,
1341,enzyme activity,molecular_function,Unknown,,,,,,,,,,,,,,,,,
1344,enzyme induction,biological_process,biological_process,,,,,,,,,,,,,PTW_0111129,,,,
1349,eosinophil,biological_process,biological_process,,40925,,,,,,Eosinophil,,,Pathway_02ed35b58a833754193e7b837d2277a7,,,,,,
1360,epigenetic regulation of gene expression,biological_process,biological_process,R-GGA-212165| R-HSA-212165,1018| 12573| 1360938| 13870| 14943| 16480| 17487| 18435| 19268| 21461| 22130| 3530| 4810| 5691| 584| 7420| 8515| 9510,,,,,,,,,,,,,,,
1378,erk activation,biological_process,biological_process,R-GGA-451478,9612,,,,,,,,,,,,,,,
1381,erk2 activation,biological_process,biological_process,R-GGA-451533,9613,,,,,,,,,,,,,,,
1382,erosion,biological_process,biological_process,,,,,,,,,,,,,PTW_0181183,,,,
1393,estrogen biosynthesis,biological_process,biological_process,R-GGA-193144| R-HSA-193144,10981| 1181329| 119| 13286| 1360908| 14739| 1561| 15891| 17872| 18644| 18987| 21653| 22337| 4941| 6175| 7003| 8797| 9205,,,,,,,,,,,,,,,
1400,estrogen signaling,biological_process,biological_process,,38589| 39031| 40137,,,,WP1330,,,,,,,,,,,
1409,eukaryotic translation elongation,biological_process,biological_process,R-BTA-156842| R-HSA-156842,10248| 11874| 14221| 15079| 15551| 16272| 18107| 18454| 20362| 20858| 23439| 2790| 3976| 413| 6470| 6820| 7788| 816,,,,,,,,,,,,,,,
1410,eukaryotic translation initiation,biological_process,biological_process,R-BTA-72613| R-HSA-72613,10240| 11863| 14212| 15069| 15541| 16262| 18097| 18444| 20354| 20853| 23428| 2779| 3968| 403| 6459| 6810| 7777| 808,,,,,,,,,,,,,,,
1449,fat digestion and absorption,biological_process,biological_process,,,,,,,,,,,,,PTW_0110521,,,,
1450,fatty acid activation,biological_process,biological_process,,1183182| 1183415| 1183683| 1183988| 1184129| 23647| 27205| 28124| 29038| 30271| 30859| 31958| 33263| 34548| 35191| 35890| 35941| 36523| 36793| 41134| 41356| 41749| 41962| 42153| 42373| 42604| 42811| 43030| 43250| 43463| 43688| 43924| 44151| 44387| 44596| 44834| 45176| 45422| 45649| 45863| 46088| 46319| 46549| 46904| 47129| 47357| 47571| 47795| 48024| 48260| 48472| 48710| 48927| 49135| 49350| 49567| 49810| 50028| 50263| 50486| 50698| 50927| 51152| 51371| 51589| 51942| 52180| 52405| 52630| 52999| 53221| 53436| 53664| 53885| 54110| 54324| 54550| 54782| 55024| 55248| 55468| 55699| 55917| 56073| 56299| 56513| 56789| 57040| 57265| 57485| 57703| 57931,,,PWY-5143,,,,R-ADU-1119623,,Pathway_9043dd8b1fb1d3b1b7ac08cfa06a7f54,,,,,,
1460,fatty acid transporters,biological_process,biological_process,,1361626,,,,WP5061,,,,,,,,,,,
1461,fatty acid _______짼-oxidation,biological_process,biological_process,,23836| 28144,,,PWY3IU-1054,,,,,,,,,,,,
1462,fatty acids,biological_process,biological_process,R-GGA-211935| R-HSA-211935,11126| 1182104| 13426| 1360703| 14851| 16029| 1701| 19125| 21787| 22476| 231| 5079| 6312| 8918| 9339,,,,,,,,,,,,,,,
1467,feedback loops,biological_process,biological_process,,,,,,,,,,,Pathway_6bdff0913f077db4396a0af51995baa7,,,,,,
1477,fgf signaling pathway,biological_process,biological_process,,1361950| 40184| 40933,,P00021,,WP152,,fgf_pathway,,,,P00021,,,,,
1495,filtration,biological_process,biological_process,,,,,,,,,,,,,PTW_0181325,,,,
1497,fire,biological_process,biological_process,,,,,,,,,,,,,PTW_0181180,,,,
1498,firefly bioluminescence,biological_process,biological_process,,26574,,,PWY-7913,,,,,,,,,,,,
1512,flt3 signaling,biological_process,biological_process,R-PFA-9607240| R-HSA-9607240,1295206| 1295230| 1295260| 1295263| 1295294| 1295297| 1295331| 1295346| 1295348| 1295365| 1295398| 1295399| 1295424| 1295450| 1295507,,,,,,,,,,,,,,,
1517,focal adhesion formation,biological_process,biological_process,,40422,,,,,,focal adhesion formation,,,Pathway_8f08ade5c3547c4a21a6eb186de1b3e8,,,,,,
1528,fragile x syndrome,biological_process,biological_process,,1295538,,,,WP4549,,,,,,,,,,,
1531,free fatty acid receptors,biological_process,biological_process,R-GGA-444209| R-HSA-444209,11443| 14041| 16696| 19769| 2258| 23158| 4262| 5379| 9942,,,,,,,,,,,,,,,
1539,fsh,biological_process,biological_process,,,,,,,,,,,Pathway_4673d40977f8ae836041d4f77e1e156e,,,,,,
1541,full agonism,molecular_function,Unknown,,,,,,,,,,,,,,,,,
1546,fusion,biological_process,biological_process,,,,,,,,,,,Pathway_9fd6cd2a6c5410c299c30ad88b8e9fc4,,,,,,
1557,g-protein activation,biological_process,biological_process,R-GGA-202040| R-HSA-202040,11453| 1181785| 14051| 15165| 16706| 17701| 19779| 20692| 2268| 23168| 3006| 4272| 502| 5389| 7284| 7981| 9951,,,,,,,,,,,,,,,
1562,g1 phase,biological_process,biological_process,R-GGA-69236| R-HSA-69236,1051| 11764| 12839| 1361523| 1361671| 14561| 16086| 19301| 21257| 22904| 2440| 4582| 5826| 717| 7199| 8245| 9654,,,,,,,,,,,,,,,
1566,g1-s,biological_process,biological_process,,,,,,,,,,,Pathway_39a1fe253e342ffebcae09c05d74aff3,,,,,,
1567,g13 signaling pathway,biological_process,biological_process,,38716| 39113| 39236| 39282| 39325| 39394| 40076| 40173,,,,WP1381| WP524,,,,,,,,,,,
1570,g2 phase,biological_process,biological_process,R-GGA-68911| R-HSA-68911,1078| 11794| 12866| 1360725| 1361482| 14574| 16113| 19328| 22930| 4609| 5853| 730| 8259| 9681,,,,,,,,,,,,,,,
1572,g2-m,biological_process,biological_process,,,,,,,,,,,Pathway_d481ff2399866c61b68730c60159dde1,,,,,,
1573,g2/m dna damage checkpoint,biological_process,biological_process,R-GGA-69473| R-HSA-69473,1039| 11750| 12827| 14554| 15481| 16074| 18033| 18340| 19289| 21247| 22892| 2430| 4570| 5814| 710| 7190| 8235| 9644,,,,,,,,,,,,,,,
1598,gastrin,biological_process,biological_process,,,,,,,,,,,,,,,,,Pathway_Gastrin
1602,gastrointestinal toxicity,biological_process,biological_process,,1340169,,,,,,,,,,,,PA166124386,,,
1623,gene transcription,biological_process,biological_process,,,,,,,,,,,Pathway_a0f69aeac13561ee3075e3816cadf327,,,,,,
1628,generation of superoxide radicals,biological_process,biological_process,,1183114| 1183345| 1183614| 1183915| 41084| 41289| 41677| 41904| 42108| 42305| 42542| 42963| 43191| 43395| 43619| 43854| 44082| 44314| 44527| 45107| 45353| 45580| 45797| 46023| 46248| 46478| 46836| 47061| 47289| 47501| 47725| 47954| 48194| 48402| 48640| 49066| 49499| 49743| 49956| 50197| 50420| 50628| 50863| 51084| 51303| 51522| 51875| 52110| 52330| 52568| 52934| 53157| 53374| 53595| 53824| 54043| 54252| 54481| 54712| 54955| 55180| 55398| 55633| 55855| 56231| 56442| 56701| 56970| 57197| 57416| 57656| 57860,,,,,,,R-ADU-9607185,,,,,,,,
1634,genotoxic stress,biological_process,biological_process,,,,,,,,,,,,,PTW_0111207,,,,
1641,ghrelin,biological_process,biological_process,,,,,,,,,,,,,,,,,Pathway_Ghrelin
1655,glucocorticoid receptor signaling,biological_process,biological_process,,40853,,,,,,gr_signal_pathway,,,Pathway_844b1d1760d585b290a0516de8834799,,,,,,
1674,glucuronidation,biological_process,biological_process,R-GGA-156588| R-HSA-156588,11138| 13438| 14860| 16041| 1713| 17980| 18736| 19137| 21798| 22488| 240| 3356| 38586| 39028| 39511| 40106| 5091| 6324| 7128| 8928| 9351,,,,WP698,,,,,,,,,,,
1684,glutamate release,biological_process,biological_process,,,,,,,,,,,Pathway_285857f8afe346aabcfd1760443e7fec,,,,,,
1697,glutathione conjugation,biological_process,biological_process,R-GGA-156590| R-HSA-156590,11143| 13443| 14864| 15380| 16046| 1718| 17984| 18740| 19142| 21803| 22492| 244| 3360| 5095| 6329| 7132| 8932| 9356,,,,,,,,,,,,,,,
1724,glycoprotein hormones,biological_process,biological_process,R-BTA-209822| R-HSA-209822,10324| 11965| 14310| 16361| 20447| 20933| 23522| 4065| 6551| 905,,,,,,,,,,,,,,,
1729,glyoxalase pathway,biological_process,biological_process,,28035,,,PWY3IU-139,,,,,,,,,,,,
1745,granulosa cell,biological_process,biological_process,,40562,,,,,,Granulosa Cell,,,Pathway_31fa789225c619a34afbee5be4c5f26e,,,,,,
1773,head and neck squamous cell carcinoma,biological_process,biological_process,,1360955,,,,WP4674,,,,,,,,,,,
1784,hedgehog,biological_process,biological_process,,,,,,,,,,,,,,,,,Pathway_Hedgehog
1785,hedgehog pathway,biological_process,biological_process,R-DME-209392,8565,,,,,,,,,,,,,,,
1786,hedgehog signaling pathway,biological_process,biological_process,,1361962| 38722| 38934| 39027| 39221| 39267| 39312| 39357| 39981| 40064,,P00025,,WP47,,,,,,P00025,,,,,
1811,heparin-induced thrombocytopenia,biological_process,biological_process,,1361829,,,,,,,,,,,,PA447264,,,
1820,hepatocyte,biological_process,biological_process,,40934,,,,,,Hepatocyte,,,Pathway_3c47770e40602e2d0a60ec2be97d50ab,,,,,,
1824,hepatotoxicity,biological_process,biological_process,,,,,,,,,,,Pathway_dc8223bbd60b1ab5b22a30fb7f2ac316,,,,,,
1837,hippo-yap signaling pathway,biological_process,biological_process,,,,,,WP4537,,,,,,,,,,,
1840,histamine h1 receptor activation,biological_process,biological_process,,1245737| 1334863| 1334873| 1334884,SMP0108013,,,,SMP0063452,,,,,,,,,,
1841,histamine h1 receptor antagonists,biological_process,biological_process,,,,,,,,,,,,,PTW_0202953,,,,
1847,histamine receptors,biological_process,biological_process,R-GGA-390650| R-HSA-390650,11431| 14029| 16684| 19757| 20673| 2246| 23146| 2995| 4250| 5368| 7971| 9931,,,,,,,,,,,,,,,
1876,hiv infection,biological_process,biological_process,R-HSA-162906,12317,,,,,,,,,,,,,,,
1878,hiv life cycle,biological_process,biological_process,R-HSA-162587,12318,,,,,,,,,,,,,,,
1879,hiv protease inhibitors,biological_process,biological_process,,,,,,,,,,,,,PTW_0202910,,,,
1881,hiv reverse transcriptase,biological_process,biological_process,,,,,,,,,,,Pathway_1565a529875a5863ed0a58fcd2a72950,,,,,,
1890,homologous recombination repair,biological_process,biological_process,R-GGA-353295,8980,,,,,,,,,,,,,,,
1904,hsf1 activation,biological_process,biological_process,R-DME-3371511| R-HSA-3371511,10350| 11637| 13712| 14520| 16513| 17503| 18768| 18854| 1922| 21078| 22512| 2907| 3565| 5787| 6892| 782| 8218,,,,,,,,,,,,,,,
1910,huntington's disease,biological_process,biological_process,,,,,,,,,,,,,PTW_0181155,,,,
1920,hydrolysis,biological_process,biological_process,,,,,,,,,,,,,PTW_0111186,,,,
1921,hydrolysis of lpc,biological_process,biological_process,R-GGA-1483115| R-HSA-1483115,10937| 1181739| 1182088| 1182189| 13249| 14706| 1524| 15288| 15854| 18950| 21616| 22300| 3200| 4904| 6138| 86| 8762| 9168,,,,,,,,,,,,,,,
1922,hydrolytic enzyme,molecular_function,Unknown,,,,,,,,,,,,,,,,,
1928,hydroxylation,biological_process,biological_process,,,,,,,,,,,,,PTW_0111192,,,,
1932,hyperbilirubinemia,biological_process,biological_process,,1340180,,,,,,,,,,,,PA444511,,,
1933,hypercholesterolemia,biological_process,biological_process,,1184720| 1250157| 1338927,SMP0120549,,,,SMP0000209,,,,,,,,,,
1940,hyperpolarization,biological_process,biological_process,,,,,,,,,,,Pathway_0c2db3986928715cc7112491c6c8c5d3,,,,,,
1941,hyperprolactinemia,biological_process,biological_process,,1340184,,,,,,,,,,,,PA444545,,,
1951,hypoplasia,biological_process,biological_process,,,,,,,,,,,,,PTW_0111219,,,,
1962,id,biological_process,biological_process,,,,,,,,,,,Pathway_034d82e0948cbacdf538682c5939e8a3,,,,,,
1972,il-6 signaling pathway,biological_process,biological_process,,38621| 39143| 39587| 40132,,,,WP1322| WP364,,,,,,,,,,,
1973,il1,biological_process,biological_process,,,,,,,,,,,Pathway_7ec7f7d3cea4ff67be6cc69d22be5879,,,,,,
1974,il11,biological_process,biological_process,,,,,,,,,,,,,,,,,Pathway_IL11
1975,il2,biological_process,biological_process,,,,,,,,,,,Pathway_440c17166a91a9d3b33328bdd800e0cc,,,,,,
1976,il3,biological_process,biological_process,,,,,,,,,,,Pathway_23a13634f1af1a634b637d3a07ed0d79,,,,,,
1977,il4,biological_process,biological_process,,,,,,,,,,,Pathway_84d709ae09bd80a2b2fbd55bec705c56,,,,,,
1978,il5,biological_process,biological_process,,,,,,,,,,,Pathway_65fc19dc30184ebe037e57014bba58dd,,,,,,
1979,il6,biological_process,biological_process,,,,,,,,,,,Pathway_992ff7967e995f1fcab92ae97fcb44ce,,,,,,
1988,immunity,biological_process,biological_process,,56844,,,,,,,R-OSA-9611458,,,,,,,,
1994,immunomodulator,molecular_function,Unknown,,,,,,,,,,,,,,,,,
1998,immunosuppressive agents,biological_process,biological_process,,,,,,,,,,,,,PTW_0202950,,,,
2005,inactivator,molecular_function,Unknown,,,,,,,,,,,,,,,,,
2006,incorporation,molecular_function,Unknown,,,,,,,,,,,,,,,,,
2007,increase blood pressure,biological_process,biological_process,,,,,,,,,,,Pathway_66b1847f40623cafd108322abb28bb55,,,,,,
2008,increase heart rate,biological_process,biological_process,,,,,,,,,,,Pathway_4d322a93e0a28ee8ad4f5f609fd6db85,,,,,,
2009,increased angiogenesis,biological_process,biological_process,,,,,,,,,,,Pathway_fb796b868c8b5003fef2efadd8807086,,,,,,
2023,inducer,molecular_function,Unknown,,,,,,,,,,,,,,,,,
2024,induction of apoptosis,biological_process,biological_process,,40263,,,,,,induction of apoptosis,,,Pathway_5ab0acf2a763b4df1aff3d173ba647de,,,,,,
2031,infection with mycobacterium tuberculosis,biological_process,biological_process,R-HSA-9635486,1295466,,,,,,,,,,,,,,,
2032,infectious disease,biological_process,biological_process,R-PFA-5663205| R-HSA-5663205,12316| 1360369| 1360389| 1360412| 1360425| 1360449| 1360469| 1360491| 1360513| 1360531| 1360551| 1360572| 1360584| 1360608| 1360666,,,,,,,,,,,,,,,
2034,inflammasomes,biological_process,biological_process,R-DDI-622312| R-HSA-622312,10484| 1181301| 1181982| 12667| 13017| 1313| 14989| 15648| 17191| 17625| 18271| 20082| 21160| 22661| 300| 3768| 6632| 7539,,,,,,,,,,,,,,,
2038,influenza a virus infection,biological_process,biological_process,,39515| 39629,,,,WP1438,,,,,,,,,,,
2039,influenza infection,biological_process,biological_process,R-HSA-168255| R-HSA-168254,12367| 12368,,,,,,,,,,,,,,,
2040,infraction,biological_process,biological_process,,,,,,,,,,,,,PTW_0111222,,,,
2042,inhibition of actin polymerisation,biological_process,biological_process,R-DME-450728,8626,,,,,,,,,,,,,,,
2047,inhibition of cytochrome p450 2c9,biological_process,biological_process,,,,,,,,,,,Pathway_970cee69e5fb292ec5403d77a8eaf242,,,,,,
2050,inhibition of ifn-beta,biological_process,biological_process,R-HSA-168888,12393,,,,,,,,,,,,,,,
2052,inhibition of nitric oxide production,biological_process,biological_process,R-HSA-9636249,1295472,,,,,,,,,,,,,,,
2054,inhibition of pkr,biological_process,biological_process,R-HSA-169131,12394,,,,,,,,,,,,,,,
2055,inhibition of prostaglandin g/h synthase 1,biological_process,biological_process,,,,,,,,,,,Pathway_336587b3e097a50c88347f4cd6dce2e3,,,,,,
2056,inhibition of prostaglandin g/h synthase 2,biological_process,biological_process,,,,,,,,,,,Pathway_9ffd743c35311cea9108bf40a6369a0a,,,,,,
2075,insulin pathway,biological_process,biological_process,,40883,,,,,,insulin_pathway,,,Pathway_811fb31f4e303ab2475c77cb60e81f35,,,,,,
2076,insulin receptor activation,biological_process,biological_process,,,,,,,,,,,Pathway_51ff505e9728d6b17588966d9b4df54b,,,,,,
2081,insulin signaling,biological_process,biological_process,,38696| 39194| 39253| 39578| 40067| 40124,,,,WP1313| WP481,,,,,,,,,,,
2083,insulin signalling,biological_process,biological_process,,1184952| 1335011| 1335058| 1335094,SMP0108225,,,,SMP0000391,,,,,,,,,,
2087,insulin-mediated glucose transport,biological_process,biological_process,,40843,,,,,,insulin_glucose_pathway,,,Pathway_3435c03eaa71cabd63ab7c45e5dd62d1,,,,,,
2094,integrin-mediated cell adhesion,biological_process,biological_process,,38731| 39191| 39240| 39286| 39329| 39400| 39659| 40177,,,,WP1386| WP185,,,,,,,,,,,
2096,interaction,molecular_function,Unknown,,,,,,,,,,,,,,,,,
2097,intercalation,molecular_function,Unknown,,,,,,,,,,,,,,,,,
2098,intercalator,molecular_function,Unknown,,,,,,,,,,,,,,,,,
2172,intracellular signaling,biological_process,biological_process,,,,,,,,,,,,,PTW_0111142,,,,
2178,intrinsic activity,molecular_function,Unknown,,,,,,,,,,,,,,,,,
2182,invadopodia formation,biological_process,biological_process,R-GGA-8941237| R-HSA-8941237,10794| 1181763| 13511| 17045| 1992| 19995| 21943| 23422| 3552| 6402| 8959,,,,,,,,,,,,,,,
2186,inverse agonism,molecular_function,Unknown,,,,,,,,,,,,,,,,,
2187,inverse agonist,molecular_function,Unknown,,,,,,,,,,,,,,,,,
2201,iron superoxide dismutase,biological_process,biological_process,,,,,,,,,,,,,PTW_0000819,,,,
2203,irreversible binding,molecular_function,Unknown,,,,,,,,,,,,,,,,,
2219,jak/stat pathway,biological_process,biological_process,R-DME-209405,8608,,,,,,,,,,,,,,,
2220,jak/stat signaling pathway,biological_process,biological_process,,,,,,,,,,,,P00038,,,,,
2224,jnk signalling,biological_process,biological_process,R-DME-450724,8629,,,,,,,,,,,,,,,
2236,keratinocyte,biological_process,biological_process,,40742,,,,,,Keratinocyte,,,Pathway_28434b6a0f5c150c08aaf39cf1d22274,,,,,,
2240,ketogenesis,biological_process,biological_process,,1362664| 1363466| 23578| 25548| 31872| 32026,,,PWY66-367,,,,,PWY66-367,Pathway_02c786aa181832de24054b76a1ce8a2b,,,,,,
2268,l-aspartate biosynthesis,biological_process,biological_process,,1250611| 1250893| 1251217| 1251765| 1252382| 1252788| 1253391| 1253699| 1254107| 1254381| 1255009| 1255639| 1255728| 1256177| 1256945| 1257247| 1257783| 1258367| 1258743| 1259030| 1259508| 1259976| 1260397| 1261058| 1261290| 1261709| 1262182| 1262557| 1263154| 1263261| 1264048| 1264295| 1264629| 1265515| 1265599| 1266017| 1266424| 1266733| 1267072| 1267690| 1267932| 1268473| 1268983| 1269277| 1269763| 1270322| 1270607| 1270980| 1271739| 1272029| 1272352| 1272895| 1273083| 1273851| 1273939| 1274489| 1274599| 1275032| 1275341| 1276199| 1276420| 1276664| 1277215| 1277843| 1278108| 1278256| 1278679| 1279489| 1279796| 1280437| 1280839| 1281333| 1281427| 1282384| 1282925| 1283424| 1284115| 1284218| 1284974| 1285288| 1285715| 1286100| 1286572| 1286979| 1287577| 1287722| 1288205| 1288823| 1289441| 1289969| 1290005| 1290863| 1291057| 1291436| 1291844| 1292433| 1293004| 1293222| 1293666| 1293971| 1294617| 1341494| 1341732| 1342825| 1343571| 1344424| 1345039| 1345663| 1346576| 1347014| 1347641| 1348530| 1348674| 1349411| 1350346| 1351262| 1351939| 1352515| 1353061| 1354018| 1355040| 1355391| 1356020| 1358347| 1359198| 1360251| 1362718| 24577| 27085| 27764| 28668| 29323| 31013| 31282| 31738| 32370| 33143| 33459| 36201| 36849| 37218| 37313| 37498| 37703| 37787| 37974| 38131| 38439,,,ASPARTATESYN-PWY,,,,,ASPARTATESYN-PWY,,,,,,,
2290,leaching,biological_process,biological_process,,,,,,,,,,,,,PTW_0181314,,,,
2294,leishmania infection,biological_process,biological_process,R-PFA-9658195| R-HSA-9658195,1360370| 1360390| 1360413| 1360426| 1360450| 1360470| 1360492| 1360514| 1360532| 1360552| 1360573| 1360585| 1360609| 1360643| 1360667,,,,,,,,,,,,,,,
2296,leptin,biological_process,biological_process,,,,,,,,,,,Pathway_84971651a14b9323250908c43d04c32b,,,,,,
2297,leptin signaling pathway,biological_process,biological_process,,39568| 39679,,,,WP2034,,,,,,,,,,,
2313,leukotriene receptors,biological_process,biological_process,R-GGA-391906| R-HSA-391906,11436| 1181209| 1181930| 14034| 16689| 19762| 20678| 2251| 23151| 4255| 5373| 9936,,,,,,,,,,,,,,,
2315,lh secretion,biological_process,biological_process,,,,,,,,,,,Pathway_8eef81160dd5b0a1d64add3639775fb2,,,,,,
2318,ligand-receptor interactions,biological_process,biological_process,R-DME-5632681| R-HSA-5632681,10018| 11532| 14123| 16779| 19853| 20761| 23237| 2339| 4345| 5461| 8047,,,,,,,,,,,,,,,
2321,linezolid resistance,biological_process,biological_process,,35774,,,PWY-6828,,,,,,,,,,,,
2357,long-term memory,biological_process,biological_process,,40741,,,,,,long-term memory,,,Pathway_53a4e074a9843a279113893796fceb4d,,,,,,
2367,lung fibrosis,biological_process,biological_process,,39128| 39843,,,,WP3624,,,,,,,,,,,
2375,lymphocyte,biological_process,biological_process,,40716,,,,,,Lymphocyte,,,Pathway_2eeec237bba9a1c91c563851958f0bc8,,,,,,
2382,lymphoid tissue,biological_process,biological_process,,40495,,,,,,Lymphoid Tissue,,,Pathway_d6c47c05041bac80fdb995b14e84182b,,,,,,
2385,lysine decarboxylase,biological_process,biological_process,,,,,,,,,,,,,PTW_0001879,,,,
2398,macrophage,biological_process,biological_process,,40795,,,,,,Macrophage,,,Pathway_b8219b395baeabc715551535949d375f,,,,,,
2412,male mating,biological_process,biological_process,,38990,,,,WP2287,,,,,,,,,,,
2416,mammary epithelium,biological_process,biological_process,,40859,,,,,,mammary epithelium,,,Pathway_657f857ca02c530803cc96ba29dae312,,,,,,
2421,map kinase activation,biological_process,biological_process,R-DME-450294| R-HSA-450294,10444| 1182294| 12623| 1269| 12974| 14968| 17153| 17603| 18248| 20041| 21124| 22622| 2656| 279| 3727| 6596| 7521| 7681,,,,,,,,,,,,,,,
2426,mapk pathway,biological_process,biological_process,,,,,,,,,,,Pathway_3f37b71243d0e1352b6d382442532bf4,,,,,,
2437,matrix metalloproteinases,biological_process,biological_process,,38656| 39162| 39235| 39280| 39324| 39391| 39617,,,,WP129,,,,,,,,,,,
2469,membrane trafficking,biological_process,biological_process,R-GGA-199991| R-HSA-199991,10645| 14328| 15226| 15703| 16994| 17513| 18749| 1934| 19567| 21819| 21963| 2509| 377| 39513| 4675| 5176| 7153| 8187| 9743,,,,WP3212,,,,,,,,,,,
2485,met receptor activation,biological_process,biological_process,R-GGA-6806942| R-HSA-6806942,11394| 13996| 16651| 19725| 20638| 2214| 23114| 2972| 4214| 5332| 9899,,,,,,,,,,,,,,,
2498,metabolic syndrome,biological_process,biological_process,,1340185,,,,,,,,,,,,PA162370415,,,
2499,metabolism,biological_process,biological_process,R-GGA-1660598| R-HSA-1430728,10844| 12| 13162| 1438| 14631| 15243| 15767| 17777| 18562| 18865| 21531| 22215| 3120| 4818| 6051| 6900| 8681| 9083| 9366,,,,,,,,,,,,,,,
2500,metabolizer,molecular_function,Unknown,,,,,,,,,,,,,,,,,
2515,methemoglobinemia,biological_process,biological_process,,1340190,,,,,,,,,,,,PA444942,,,
2524,methylation pathways,biological_process,biological_process,,39602| 40109,,,,WP704,,,,,,,,,,,
2529,mevalonate pathway,biological_process,biological_process,,1339113| 1339136| 1363797| 23616| 27367,SMP0121209,,PWY-922,WP3963,SMP0121055,,,,,,,,,,
2547,migration,biological_process,biological_process,,,,,,,,,,,Pathway_e76f91ffd44cb1f9379de3158dd9c030,,,,,,
2550,minor groove binder,molecular_function,Unknown,,,,,,,,,,,,,,,,,
2552,minus-strand dna synthesis,biological_process,biological_process,R-HSA-164516,12323,,,,,,,,,,,,,,,
2553,mirna biogenesis,biological_process,biological_process,,39444| 39709,,,,WP2338,,,,,,,,,,,
2559,mitochondrial biogenesis,biological_process,biological_process,R-GGA-1592230| R-HSA-1592230,10685| 1361603| 13760| 14465| 15722| 17663| 18557| 19165| 2077| 21951| 22784| 2499| 255| 4087| 6015| 7174| 8116| 9072,,,,,,,,,,,,,,,
2569,mitochondrial mediated apoptosis,biological_process,biological_process,,,,,,,,,,,Pathway_d3d1a0524f60244cc0c4881270844a7b,,,,,,
2574,mitochondrial uncoupling,biological_process,biological_process,R-GGA-166187| R-HSA-166187,11037| 13341| 1360510| 1360563| 15945| 1616| 17908| 19042| 22391| 3272| 4996| 6229| 8840| 9255,,,,,,,,,,,,,,,
2580,mitosis,biological_process,biological_process,,40830,,,,,,mitosis,,,Pathway_f7365644a89d44a7eff5b4c17bd85816,,,,,,
2598,modulation,molecular_function,Unknown,,,,,,,,,,,,,,,,,
2601,modulator,molecular_function,Unknown,,,,,,,,,,,,,,,,,
2618,monocyte,biological_process,biological_process,,40337,,,,,,Monocyte,,,Pathway_85d7e05b6d4b8e8a36971be78a068427,,,,,,
2638,mrna capping,biological_process,biological_process,R-GGA-72086| R-HSA-72086,1182328| 12764| 13459| 1404| 14605| 15733| 17414| 18290| 20237| 20953| 23369| 23791| 27287| 2749| 328| 5111| 5142| 7424| 7587| 9388,,,PWY-7375,,,,,,,,,,,,
2644,mrna splicing,biological_process,biological_process,R-GGA-72172| R-HSA-72172,1182115| 12766| 13461| 1361936| 1406| 14607| 15735| 17416| 18292| 20239| 20955| 23371| 2751| 330| 5113| 5144| 7589| 9390,,P00058,,,,,,,,,,,,,
2651,mtor signalling,biological_process,biological_process,R-DME-165159| R-HSA-165159,10071| 11592| 1182376| 14179| 15213| 16838| 17770| 18835| 19912| 20816| 23289| 2395| 3109| 4398| 549| 5518| 7352| 8098,,,,,,,,,,,,,,,
2656,muscarinic acetylcholine receptors,biological_process,biological_process,R-GGA-390648| R-HSA-390648,11428| 14026| 16681| 19754| 20670| 2243| 23143| 2992| 4247| 5365| 7968| 9928,,,,,,,,,,,,,,,
2666,mutagenesis,biological_process,biological_process,,,,,,,,,,,,,PTW_0111223,,,,
2686,myofibroblast,biological_process,biological_process,,40539,,,,,,Myofibroblast,,,Pathway_25c23ac4bc4693acbef0fd58d3d17e4f,,,,,,
2722,neddylation,biological_process,biological_process,R-BTA-8951664| R-HSA-8951664,10315| 11955| 14300| 15134| 15599| 16351| 18156| 18505| 20437| 20925| 23514| 2851| 4055| 464| 6543| 6878| 7857| 895,,,,,,,,,,,,,,,
2777,neovascularization,biological_process,biological_process,,,,,,,,,,,,,PTW_0111211,,,,
2778,nephrotoxicity,biological_process,biological_process,,1361821,,,,,,,,,,,,PA162263533,,,
2795,neuroinflammation,biological_process,biological_process,,1360979,,,,WP4919,,,,,,,,,,,
2805,neuronal function,biological_process,biological_process,,,,,,,,,,,Pathway_e00cef855cd10277c2827203cb4ca1de,,,,,,
2809,neuronal system,biological_process,biological_process,R-GGA-112316| R-HSA-112316,11659| 1182378| 14364| 14888| 16178| 17997| 18382| 1993| 20271| 20992| 22137| 2533| 354| 4479| 5699| 7367| 8124| 8992,,,,,,,,,,,,,,,
2824,neutropenia,biological_process,biological_process,,1340159,,,,,,,,,,,,PA445113,,,
2837,nf-kb signaling,biological_process,biological_process,,,,,,,,,,,Pathway_eb14f9ec821d4762afd3c4134e1ba045,,,,,,
2838,nf-kb signaling pathway,biological_process,biological_process,,1245868| 1339037| 1339061| 1339085,SMP0120950,,,,SMP0063813,,,,,,,,,,
2861,non-competitive binding,molecular_function,Unknown,,,,,,,,,,,,,,,,,
2875,notch,biological_process,biological_process,,,,,,,,,,,,,,,,,Pathway_Notch
2876,notch signaling,biological_process,biological_process,,39757,,,,WP268,,,,,,,,,,,
2880,nrf2 pathway,biological_process,biological_process,,39491| 39793,,,,WP2884,,,,,,,,,,,
2890,nuclear receptors,biological_process,biological_process,,38645| 39175| 39239| 39285| 39328| 39399| 39653,,,,WP170,,,,,,,,,,,
2914,nutrition,biological_process,biological_process,,,,,,,,,,,,,PTW_0111238,,,,
2924,oocyte,biological_process,biological_process,,40268,,,,,,Oocyte,,,Pathway_e3e45d675af19aac8820b6826e993719,,,,,,
2928,opener,molecular_function,Unknown,,,,,,,,,,,,,,,,,
2932,opsins,biological_process,biological_process,R-GGA-419771| R-HSA-419771,11442| 1181211| 14040| 16695| 19768| 20683| 2257| 23157| 4261| 5378| 7975| 9941,,,,,,,,,,,,,,,
2939,organic anion transporters,biological_process,biological_process,R-GGA-428643| R-HSA-428643,10586| 13526| 1361679| 15029| 16880| 17544| 1857| 19506| 20471| 22821| 3443| 3909| 5960| 617| 7455| 8350| 9529,,,,,,,,,,,,,,,
2941,organic cation/anion/zwitterion transport,biological_process,biological_process,R-GGA-549132| R-HSA-549132,10600| 13540| 15041| 15398| 16894| 1871| 19520| 20485| 22835| 3456| 3923| 5974| 629| 8363| 9543,,,,,,,,,,,,,,,
2946,osteoblast,biological_process,biological_process,,40338,,,,,,Osteoblast,,,Pathway_5608e0dc0ffb78cd67ecf2e4d812ddc9,,,,,,
2949,osteoclast,biological_process,biological_process,,38707,,,,WP489,,,,,,,,,,,
2955,ovarian tumor domain proteases,biological_process,biological_process,R-BTA-5689896| R-HSA-5689896,10306| 11946| 1360924| 14291| 15127| 16342| 18148| 18498| 20428| 20917| 23505| 2844| 4046| 457| 6535| 6869| 7849| 886,,,,,,,,,,,,,,,
2960,oxidation/reduction,biological_process,biological_process,,,,,,,,,,,,,PTW_0111180,,,,
2965,oxidative enzyme,molecular_function,Unknown,,,,,,,,,,,,,,,,,
2968,oxidative stress response,biological_process,biological_process,,1361893| 38636| 39150| 39384| 39939| 40167,,P00046,,WP1372,,,,,,P00046,,,,,
2983,p2y receptors,biological_process,biological_process,R-GGA-417957| R-HSA-417957,11438| 1181210| 14036| 16691| 19764| 20680| 2253| 23153| 4257| 5375| 9938,,,,,,,,,,,,,,,
2984,p38 mapk pathway,biological_process,biological_process,,1361895,,P05918,,,,,,,,P05918,,,,,
2985,p38 mapk signaling pathway,biological_process,biological_process,,38660| 39123| 39228| 39274| 39318| 39372| 39931| 40161| 40734,,,,WP1363,,p38_mkk3_6pathway,,,Pathway_3b9ece5e3b30d5fb3c173c14c38132df,,,,,,
2988,p53 pathway,biological_process,biological_process,,1361896| 38727| 40521,,P00059,,WP655,,p53regulationpathway,,,,P00059,,,,,
2989,p53 signal pathway,biological_process,biological_process,,38728,,,,WP656,,,,,,,,,,,
3004,parasite infection,biological_process,biological_process,R-HSA-9664407,1360371| 1360391| 1360414| 1360427| 1360451| 1360471| 1360493| 1360515| 1360533| 1360553| 1360574| 1360586| 1360610| 1360644,,,,,,,,,,,,,,,
3008,partial agonism,molecular_function,Unknown,,,,,,,,,,,,,,,,,
3009,partial agonist,molecular_function,Unknown,,,,,,,,,,,,,,,,,
3025,penicillins,biological_process,biological_process,,,,,,,,,,,,,PTW_0202925,,,,
3069,phenothiazines,biological_process,biological_process,,,,,,,,,,,,,PTW_0202917,,,,
3109,phospholipases,biological_process,biological_process,,1250393| 1251099| 1251563| 1251711| 1252418| 1252546| 1253362| 1253523| 1254193| 1254509| 1254923| 1255567| 1256024| 1256508| 1256660| 1257279| 1257638| 1258144| 1258564| 1258939| 1259507| 1259955| 1260529| 1260997| 1261246| 1261860| 1262287| 1262656| 1262871| 1263589| 1263951| 1264538| 1264847| 1265450| 1265885| 1266531| 1266942| 1267337| 1267662| 1267977| 1268576| 1269089| 1269518| 1269683| 1270256| 1270819| 1271325| 1271468| 1272121| 1272454| 1272819| 1273148| 1273838| 1274122| 1274477| 1274623| 1274944| 1275464| 1275765| 1276499| 1276871| 1277359| 1277676| 1278026| 1278565| 1278738| 1279180| 1279845| 1280126| 1280481| 1281060| 1281422| 1282540| 1283140| 1283364| 1284003| 1284578| 1284675| 1285370| 1285669| 1286331| 1286749| 1287145| 1287627| 1287806| 1288377| 1289088| 1289339| 1289624| 1290351| 1290548| 1291013| 1291397| 1291804| 1292682| 1293076| 1293337| 1293518| 1294115| 1294646| 1341328| 1341696| 1342661| 1343634| 1344391| 1344794| 1345782| 1346426| 1346944| 1347604| 1348348| 1348639| 1349365| 1350322| 1351136| 1351698| 1352118| 1352510| 1353105| 1353658| 1355021| 1355299| 1356081| 1358437| 1359149| 1359813| 1363054| 23620| 24300| 27617| 28203| 28825| 29103| 29269| 30065| 30529| 30810| 31162| 31657| 31840| 33020| 33251| 34324| 34952| 35453,,,LIPASYN-PWY,,,,,LIPASYN-PWY,Pathway_c29c1e159b68aa045c8dbcc7c4d97a05,,,,,,
3124,photo,biological_process,biological_process,,,,,,,,,,,,,PTW_0181185,,,,
3128,photosynthesis,biological_process,biological_process,,1196103,SMP0012089,,,,,,,,,,PTW_0011528,,,,
3139,pi metabolism,biological_process,biological_process,R-ATH-1483255| R-HSA-1483255,10947| 13258| 14715| 15292| 1533| 15863| 17847| 18621| 18959| 21625| 22309| 3209| 4913| 6147| 6979| 8771| 9177| 95,,,,,,,,,,,,,,,
3140,pi uptake,biological_process,biological_process,,56568,,,,,,,R-OSA-9031221,,,,,,,,
3141,pi3 kinase pathway,biological_process,biological_process,,1361909,,P00048,,,,,,,,P00048,,,,,
3144,pi3k/akt activation,biological_process,biological_process,R-GGA-198203| R-HSA-198203,11327| 13942| 16594| 17676| 18779| 19668| 20584| 2160| 23060| 2941| 4162| 5276| 7255| 7923| 9844,,,,,,,,,,,,,,,
3145,pi3k/akt signaling,biological_process,biological_process,R-DME-1257604| R-HSA-1257604,10043| 11555| 14145| 15198| 15474| 16804| 17747| 18823| 19878| 20786| 23258| 2361| 3083| 4367| 535| 5486| 7330| 8072,,,,,,,,,,,,,,,
3146,pi3k/akt/mtor signaling pathway,biological_process,biological_process,,40961,,,,,,,,,,,,,PI3K,,
3162,pituitary gland,biological_process,biological_process,,40663,,,,,,Pituitary Gland,,,Pathway_ca411b8389813b26f624f5cc9ffe87f1,,,,,,
3163,pk,biological_process,biological_process,,1184498,,,,,,,,,,,,PA2037,,,
3164,pka activation,biological_process,biological_process,R-GGA-163615| R-HSA-163615,11461| 1181793| 14059| 15454| 16714| 17708| 19787| 20700| 2276| 23176| 3013| 4280| 5397| 7291| 7988| 9959,,,,,,,,,,,,,,,
3196,polymerization,biological_process,biological_process,,,,,,,,,,,,,PTW_0111193,,,,
3197,polyol pathway,biological_process,biological_process,,38612| 38945| 38955| 39050| 39234| 39323| 39388| 40100| 40170,,,,WP1375| WP690,,,,,,,,,,,
3239,potassium channels,biological_process,biological_process,R-GGA-1296071| R-HSA-1296071,11716| 1181992| 1182163| 14421| 14906| 16236| 20328| 2051| 21048| 22194| 2582| 4536| 5756| 8170| 9050,,,,,,,,,,,,,,,
3241,potentiator,molecular_function,Unknown,,,,,,,,,,,,,,,,,
3246,pre-mrna splicing,biological_process,biological_process,R-GGA-72163| R-HSA-72163,1181766| 1182116| 12767| 13462| 1407| 14608| 15736| 20240| 20956| 23372| 2752| 331| 5114| 5145| 7590| 9391,,,,,,,,,,,,,,,
3249,pregnenolone biosynthesis,biological_process,biological_process,R-GGA-196108| R-HSA-196108,10977| 116| 13282| 1360907| 1362354| 14736| 1557| 15887| 18642| 18983| 21649| 22333| 3232| 4937| 6171| 7000| 8793| 9201,,,,,,,,,,,,,,,
3260,priming,biological_process,biological_process,,,,,,,,,,,Pathway_34d29f52a5402fdc45282cbc2c553168,,,,,,
3262,pro-apoptotic,biological_process,biological_process,,,,,,,,,,,Pathway_5e7cc2be42565389d3f46cb77e7c3bf4,,,,,,
3263,process,biological_process,biological_process,,,,,,,,,,,,,PTW_0181086,,,,
3267,production,molecular_function,Unknown,,,,,,,,,,,,,,,,,
3275,proliferation,biological_process,biological_process,,,,,,,,,,,Pathway_8d77b68a6915eea30a57bf10f2709369,,,,,,
3293,proteasome degradation,biological_process,biological_process,,38662| 38776| 38925| 38958| 39010| 39177| 39410| 39658,,,,WP183,,,,,,,,,,,
3297,protection,molecular_function,Unknown,,,,,,,,,,,,,,,,,
3334,protein methylation,biological_process,biological_process,R-BTA-8876725| R-HSA-8876725,10313| 11953| 14298| 15133| 15597| 16349| 18154| 18504| 20435| 20924| 23512| 2850| 4053| 463| 6542| 6876| 7856| 893,,,,,,,,,,,,,,,
3353,protein synthesis,biological_process,biological_process,,56552,,,,,,,R-OSA-2972871,,Pathway_35a4a47e2f1897a88e4beff3af3967c0,,,,,,
3377,proteolytic enzyme,molecular_function,Unknown,,,,,,,,,,,,,,,,,
3410,pyrimidine biosynthesis,biological_process,biological_process,R-GGA-500753| R-HSA-500753,11043| 13347| 14785| 15334| 15951| 1622| 165| 17914| 18673| 19048| 21709| 22397| 3278| 5002| 6235| 7052| 8846| 9261,,,,,,,,,,,,,,,
3419,pyruvate dehydrogenase complex,biological_process,biological_process,,1182998| 1183229| 1183500| 1183799| 27412| 36434| 40968| 41172| 41394| 41558| 41791| 42004| 42189| 42429| 42640| 42847| 43076| 43279| 43503| 43738| 44198| 44412| 44652| 44866| 44990| 45235| 45464| 45680| 46133| 46363| 46574| 46720| 46944| 47176| 47384| 47607| 47838| 48078| 48287| 48521| 48754| 48950| 49177| 49383| 49627| 49840| 50081| 50303| 50511| 50968| 51188| 51406| 51627| 51760| 51994| 52215| 52454| 52666| 52817| 53043| 53264| 53479| 53708| 53927| 54137| 54366| 54593| 54838| 55062| 55284| 55517| 55739| 55951| 56115| 56327| 56573| 56854| 57081| 57300| 57540| 57742,,,PYRUVDEHYD-PWY,,,,R-ADU-1119351,,,,,,,,
3424,quinolines,biological_process,biological_process,,,,,,,,,,,,,PTW_0202915,,,,
3425,quinolones,biological_process,biological_process,,,,,,,,,,,,,PTW_0202951,,,,
3430,rab geranylgeranylation,biological_process,biological_process,R-BTA-8873719| R-HSA-8873719,10312| 11952| 14297| 15132| 15596| 16348| 18153| 18503| 20434| 20923| 23511| 2849| 4052| 462| 6541| 6875| 7855| 892,,,,,,,,,,,,,,,
3431,rac1 signaling pathway,biological_process,biological_process,,40397,,,,,,rac1_pathway,,,Pathway_bd7cf47e8c0cbef3afd7a71c24029587,,,,,,
3434,rage,biological_process,biological_process,,,,,,,,,,,,,,,,,Pathway_RAGE
3435,rankl,biological_process,biological_process,,,,,,,,,,,Pathway_80cd37cf6b0b4caa16cee4de3f1fdea0,,,,,,
3438,ras pathway,biological_process,biological_process,,1361860,,P04393,,,,,,,,P04393,,,,,
3439,ras processing,biological_process,biological_process,R-PFA-9648002| R-HSA-9648002,1360708| 1360728| 1360732| 1360733| 1360740| 1360746| 1360750| 1360757| 1360772| 1360778| 1360804| 1360829| 1360839| 1360901| 1360931,,,,,,,,,,,,,,,
3440,ras signaling,biological_process,biological_process,,39972,,,,WP4223,,,,,,,,,,,
3445,reactivator,molecular_function,Unknown,,,,,,,,,,,,,,,,,
3451,receptor agonist activity,biological_process,biological_process,,40848,,,,,,receptor agonist activity,,,Pathway_558bf4513567e9394789ddce8afb5161,,,,,,
3462,receptor internalization,biological_process,biological_process,,40753,,,,,,receptor internalization,,,Pathway_523f067f11ce7743bc6d3458daabb183,,,,,,
3472,redox process,biological_process,biological_process,,,,,,,,,,,,,PTW_0001588,,,,
3490,regulation of nfe2l2 gene expression,biological_process,biological_process,R-HSA-9818749,1363775,,,,,,,,,,,,,,,
3495,regulator,molecular_function,Unknown,,,,,,,,,,,,,,,,,
3502,release,biological_process,biological_process,R-HSA-168298,12388,,,,,,,,,,,,,,,
3519,renin-angiotensin-aldosterone system,biological_process,biological_process,,,,,,WP4756,,,,,,,,,,,
3520,renin-angiotensin-aldosterone system (raas),biological_process,biological_process,,1295579,,,,WP4756,,,,,,,,,,,
3522,replacement,molecular_function,Unknown,,,,,,,,,,,,,,,,,
3523,replication,biological_process,biological_process,,,,,,,,,,,,,PTW_0001858,,,,
3539,response,molecular_function,Unknown,,,,,,,,,,,,,,,,,
3572,ret signaling,biological_process,biological_process,R-DRE-8853659| R-HSA-8853659,10178| 10735| 1211| 1362261| 13654| 17313| 19423| 21880| 22773| 4467| 6442,,,,,,,,,,,,,,,
3582,retrograde transport,biological_process,biological_process,,,,,,,,,,,Pathway_767bc6dfd600f4fa0741b533bd66f676,,,,,,
3586,reverse transcriptase inhibition,biological_process,biological_process,,,,,,,,,,,Pathway_ba9c98eaece528151c99facb81811294,,,,,,
3589,reversible binding,molecular_function,Unknown,,,,,,,,,,,,,,,,,
3601,ribosomal protein,biological_process,biological_process,,,,,,,,,,,,,PTW_0001842,,,,
3626,rna synthesis,biological_process,biological_process,,,,,,,,,,,,,PTW_0111150,,,,
3638,rsk activation,biological_process,biological_process,R-GGA-444257| R-HSA-444257,11699| 1181824| 1182391| 14404| 14903| 16218| 18013| 20311| 2033| 21031| 22176| 2567| 370| 4519| 5739| 7384| 8156| 9032,,,,,,,,,,,,,,,
3641,s phase,biological_process,biological_process,R-GGA-69242| R-HSA-69242,1060| 11776| 12848| 14568| 15488| 16095| 18048| 18349| 19310| 21264| 22912| 2446| 4591| 5835| 7204| 724| 8253| 9663,,,,,,,,,,,,,,,
3651,sars-cov-2 infection,biological_process,biological_process,R-HSA-9694516,1360993| 1361110,,,,WP5021,,,,,,,,,,,
3652,saturation binding,molecular_function,Unknown,,,,,,,,,,,,,,,,,
3655,schwann cell,biological_process,biological_process,,40818,,,,,,Schwann Cell,,,Pathway_17a9b09e6847eba974499356dd7f8302,,,,,,
3666,sedimentation,biological_process,biological_process,,,,,,,,,,,,,PTW_0181324,,,,
3671,senescence,biological_process,biological_process,,40375,,,,,,senescence,,,Pathway_391340a6a03411821bcddc376cf5a94e,,,,,,
3679,sequestering agent,molecular_function,Unknown,,,,,,,,,,,,,,,,,
3681,serine biosynthesis,biological_process,biological_process,R-GGA-977347| R-HSA-977347,11077| 13381| 14816| 15985| 1656| 17944| 18703| 19081| 196| 21742| 22431| 28101| 28837| 30080| 30556| 30730| 32032| 3309| 33212| 33748| 34206| 34553| 34724| 34967| 35143| 35924| 36038| 36469| 36700| 38842| 5035| 6268| 7083| 8879| 9295,,,SERSYN-PWY,WP459,,,,,,,,,,,
3697,serotonin receptors,biological_process,biological_process,R-GGA-390666| R-HSA-390666,11432| 14030| 16685| 19758| 20674| 2247| 23147| 2996| 4251| 5369| 7972| 9932,,,,,,,,,,,,,,,
3700,serotonin transporter activity,biological_process,biological_process,,39442| 39631,,,,WP1455,,,,,,,,,,,
3711,shp2 signaling,biological_process,biological_process,,40737,,,,,,shp2_pathway,,,Pathway_df7a0187af1760edd5bf25a784225364,,,,,,
3716,signal amplification,biological_process,biological_process,R-DME-392518| R-HSA-392518,10387| 10807| 1154| 1181709| 13596| 1360816| 17058| 17403| 19955| 21351| 22012| 2609| 3868| 6355| 8531,,,,,,,,,,,,,,,
3717,signal induction,biological_process,biological_process,,,,,,,,,,,,,PTW_0111152,,,,
3723,signaling by egfr,biological_process,biological_process,R-GGA-177929| R-HSA-177929,11262| 13880| 16532| 19606| 20524| 2099| 22998| 2917| 4100| 5215| 7871| 9782,,,,,,,,,,,,,,,
3724,signaling pathways,biological_process,biological_process,R-GGA-162582| R-HSA-162582,11260| 13878| 15143| 15429| 16530| 17669| 18775| 19604| 20522| 2097| 22996| 2915| 4098| 479| 5213| 7248| 7869| 9780,,,,,,,,,,,,,,,
3733,skeletal muscle atrophy,biological_process,biological_process,,,,,,,,,,,Pathway_a37de1884754eec43bee161ad4eaf44f,,,,,,
3791,spinal cord injury,biological_process,biological_process,,38648| 39100| 39487| 39724,,,,WP2431,,,,,,,,,,,
3807,stability,molecular_function,Unknown,,,,,,,,,,,,,,,,,
3808,stabilization of p53,biological_process,biological_process,R-GGA-69541| R-HSA-69541,1031| 11742| 1181358| 1181720| 1181947| 12819| 1361695| 1361728| 14551| 16066| 19281| 21241| 22884| 4562| 5809| 707| 7184| 9638,,,,,,,,,,,,,,,
3809,stabilizer,molecular_function,Unknown,,,,,,,,,,,,,,,,,
3812,staphyloxanthin biosynthesis,biological_process,biological_process,,26414| 38312,,,PWY-5875,,,,,,,,,,,,
3817,stat5 activation,biological_process,biological_process,R-HSA-9645135,1295426| 1295451,,,,,,,,,,,,,,,
3833,stimulator,molecular_function,Unknown,,,,,,,,,,,,,,,,,
3834,stimulatory activity,molecular_function,Unknown,,,,,,,,,,,,,,,,,
3837,storm,biological_process,biological_process,,,,,,,,,,,,,PTW_0181182,,,,
3840,stress fiber formation,biological_process,biological_process,,,,,,,,,,,Pathway_db3b9d4f34db395b0e97158ff5cf5161,,,,,,
3841,stress response,biological_process,biological_process,,39250,,,,WP1527,,,,,Pathway_61f2a129be9344d956deeaecc7084dfa,,,,,,
3865,sumoylation,biological_process,biological_process,R-BTA-2990846| R-HSA-2990846,10292| 11926| 14271| 15111| 15577| 16322| 18133| 18483| 20408| 20904| 23485| 2826| 4026| 441| 6515| 6853| 7835| 866,,,,,,,,,,,,,,,
3872,suppression of apoptosis,biological_process,biological_process,R-HSA-9635465,1295475,,,,,,,,,,,,,,,
3873,suppression of autophagy,biological_process,biological_process,R-HSA-9636569,1295476,,,,,,,,,,,,,,,
3877,survival,biological_process,biological_process,,,,,,,,,,,Pathway_d7a559364896569b6432c00b1de65110,,,,,,
3888,synthesis ,molecular_function,Unknown,,,,,,,,,,,,,,,,,
3889,synthesis of dna,biological_process,biological_process,R-GGA-69239| R-HSA-69239,1062| 11778| 12850| 14535| 15489| 16097| 18050| 18315| 19312| 21266| 22914| 2447| 4593| 5837| 592| 6770| 7574| 9665,,,,,,,,,,,,,,,
3890,synthesis of pg,biological_process,biological_process,R-GGA-1483148| R-HSA-1483148,10942| 13254| 14711| 1529| 15291| 15859| 17843| 18619| 18955| 21621| 22305| 3205| 4909| 6143| 6977| 8767| 91| 9173,,,,,,,,,,,,,,,
3892,system process,biological_process,biological_process,,,,,,,,,,,,,PTW_0181094,,,,
3905,t cell receptor signaling,biological_process,biological_process,,,,,,,,,,,Pathway_8188f6851882ba398271d33d39ae7867,,,,,,
3910,t-lymphocyte,biological_process,biological_process,,40304,,,,,,T-Lymphocyte,,,Pathway_b81579a5bf56cdae3d6ae135b259e1b2,,,,,,
3917,target of rapamycin (tor) signaling,biological_process,biological_process,,39551,,,,WP3256| WP1471,,,,,,,,,,,
3921,tcr,biological_process,biological_process,,,,,,,,,,,Pathway_6ad7888c9428084c0b6b9a3c392dd65b,,,,,,
3922,tcr signaling,biological_process,biological_process,R-DME-202403| R-HSA-202403,10410| 1232| 12585| 12936| 14952| 15634| 17115| 17582| 18233| 20004| 21094| 22585| 263| 2631| 3690| 6563| 7500| 7652,,,,,,,,,,,,,,,
3932,tetracycline resistance,biological_process,biological_process,,23875,,,PWY-7808,,,,,,,,,,,,
3933,tetracyclines,biological_process,biological_process,,,,,,,,,,,,,PTW_0202936,,,,
3937,tgf-beta signaling pathway,biological_process,biological_process,,1361871| 39026| 39379| 39859,,P00052,,WP366,,,,,,P00052,,,,,
3939,the nlrp3 inflammasome,biological_process,biological_process,R-DDI-844456| R-HSA-844456,10485| 1181302| 1181983| 12668| 13018| 1314| 14990| 15649| 17192| 17626| 18272| 20083| 21161| 22662| 301| 3769| 6633| 7540,,,,,,,,,,,,,,,
3948,thioredoxin system,biological_process,biological_process,,27317,,,THIOREDOX-PWY,,,,,,,,,,,,
3954,thrombocytopenia,biological_process,biological_process,,1340195,,,,,,,,,,,,PA445846,,,
3967,thymocyte,biological_process,biological_process,,40773,,,,,,Thymocyte,,,Pathway_4f91656969b83fcc2ca07b51bb2c0568,,,,,,
3980,tnf signaling,biological_process,biological_process,R-DME-75893| R-HSA-75893,10077| 11598| 1360720| 1362462| 14185| 16844| 19918| 20822| 23295| 2401| 4404| 5524| 8103,,,,,,,,,,,,,,,
3981,tnf-alpha signaling pathway,biological_process,biological_process,,39381| 39704,,,,WP231,,,,,,,,,,,
3982,tnfalpha,biological_process,biological_process,,,,,,,,,,,Pathway_aaaa7bc16eecbba702db95da50f6b3ed,,,,,,
3983,tnfr1-induced proapoptotic signaling,biological_process,biological_process,R-DRE-5357786| R-HSA-5357786,10079| 11600| 14187| 16846| 19920| 20824| 23297| 2403| 4406| 5526,,,,,,,,,,,,,,,
3989,toll-like receptor signaling,biological_process,biological_process,,39202,,,,WP88,,,,,,,,,,,
3994,tor signaling pathway,biological_process,biological_process,R-DME-110523,8607,,,,,,,,,,,,,,,
3998,toxicity,biological_process,Unknown,,,,,,,,,,,,,,,,,
4016,transcription/translation,biological_process,biological_process,,1184662,SMP0000019,,,,,,,,,,PTW_0111057,,,,
4025,transformation,biological_process,biological_process,,40919,,,,,,Transformation,,,Pathway_11fccc6cecb40db45bed793dfe15f8d2,,,,,,
4048,transport of fatty acids,biological_process,biological_process,R-GGA-804914| R-HSA-804914,10606| 13546| 16900| 17557| 1877| 19526| 20491| 22841| 3461| 3929| 5980| 8369| 9549,,,,,,,,,,,,,,,
4059,triosephosphate isomerase,molecular_function,Unknown,,,,,,,SMP00563,,,,,,,,,,
4065,trna splicing,biological_process,biological_process,,27281| 31829| 35255| 38056,,,PWY-6689,,,,,,Pathway_f9ae5e43f406b9edb73534215f99d4f0,,,,,,
4067,trp channels,biological_process,biological_process,R-GGA-3295583| R-HSA-3295583,10617| 1182200| 1182401| 13557| 16911| 1888| 19537| 20502| 22852| 3472| 3940| 5991| 7476| 8379| 9560,,,,,,,,,,,,,,,
4075,tryptophan biosynthesis,biological_process,biological_process,,1183033| 1183264| 1183534| 1183834| 1361880| 27366| 28732| 29197| 30209| 30287| 30619| 33356| 33918| 34253| 34501| 34828| 35052| 35428| 35703| 35981| 36079| 36394| 36630| 38779| 41003| 41208| 41427| 41595| 41826| 42037| 42224| 42463| 42675| 42882| 43111| 43314| 43538| 43773| 44001| 44233| 44447| 44688| 44897| 45026| 45272| 45499| 45716| 45946| 46168| 46398| 46605| 46755| 46980| 47211| 47420| 47644| 47873| 48113| 48322| 48558| 48791| 48985| 49214| 49420| 49662| 49877| 50117| 50339| 50547| 50789| 51004| 51223| 51441| 51657| 51795| 52029| 52249| 52488| 52696| 52853| 53078| 53297| 53514| 53743| 53962| 54173| 54401| 54630| 54874| 55099| 55319| 55552| 55775| 55984| 56150| 56362| 56613| 56889| 57116| 57335| 57575| 57779,,P02783,TRPSYN-PWY,WP165,,,R-ADU-1119494,,,,,,,,
4076,tryptophan catabolism,biological_process,biological_process,R-GGA-71240| R-HSA-71240,11085| 13389| 14824| 15993| 1664| 17952| 18711| 19089| 204| 21750| 22439| 3317| 5043| 6276| 7091| 8887| 9303,,,,,,,,,,,,,,,
4078,tsh,biological_process,biological_process,,,,,,,,,,,Pathway_52f4677f6809df9928b8ef152e1c0816,,,,,,
4079,tslp,biological_process,biological_process,,,,,,,,,,,Pathway_527322104e5e1da636f8f5cb6e30bca1,,,,,,
4092,tumor formation,biological_process,biological_process,,,,,,,,,,,Pathway_c73fd55d722407ca47698bf766f8386d,,,,,,
4097,tumor progression,biological_process,biological_process,,,,,,,,,,,,,PTW_0111215,,,,
4099,two component system,biological_process,biological_process,,,,,,,,,,,,,PTW_0202927,,,,
4112,tyrosine hydroxylase deficiency,biological_process,biological_process,,1184967| 1338939,SMP0120562,,,,SMP0000497,,,,,,,,,,
4127,ulceration,biological_process,biological_process,,,,,,,,,,,,,PTW_0111226,,,,
4131,upregulator,molecular_function,Unknown,,,,,,,,,,,,,,,,,
4148,vaccine antigen,molecular_function,Unknown,,,,,,,,,,,,,,,,,
4166,vaso-relaxation,biological_process,biological_process,,,,,,,,,,,Pathway_f09cb025f6bcd2d299035b7ab208a16a,,,,,,
4173,vegf signaling pathway,biological_process,biological_process,,1184494| 1361850,,P00056,,,,,,,,P00056,,PA2032,,,
4213,vitamins,biological_process,biological_process,R-GGA-211916| R-HSA-211916,11128| 13428| 1360704| 14853| 16031| 1703| 17976| 18733| 19127| 21789| 22478| 233| 5081| 6314| 7120| 8920| 9341,,,,,,,,,,,,,,,
4222,weight gain,biological_process,biological_process,,1340182,,,,,,,,,,,,PA128406954,,,
4223,west nile virus,biological_process,biological_process,,,,,,,,,,,,,,,,wnvpathway,
4224,wnt,biological_process,biological_process,,,,,,,,,,,Pathway_45904a6de9bdab9d2337cdbc753f209a,,,,,,
4226,wnt signaling,biological_process,biological_process,,38993| 39989,,,,WP428,,,,,,,,,,,
4236,xenobiotics,biological_process,biological_process,R-GGA-211981| R-HSA-211981,11123| 13423| 14850| 16026| 1698| 19122| 21784| 22473| 230| 3346| 5076| 6309| 7118| 8916| 9336,,,,,,,,,,,,,,,